{
  "format": "scripture burrito",
  "meta": {
    "version": "1.0.0",
    "category": "source",
    "generator": {
      "softwareName": "Audio Project Manager",
      "softwareVersion": "4.4.0-alpha.1",
      "userName": "Greg Trihus"
    },
    "defaultLocale": "en",
    "dateCreated": "2025-10-09T21:35:11.041Z",
    "comments": ["Generated by Audio Project Manager from # Burrito "]
  },
  "idAuthorities": {
    "apm": {
      "id": "apm",
      "name": {
        "en": "Audio Project Manager"
      }
    }
  },
  "identification": {
    "primary": {
      "apm": {
        "3800": {
          "revision": "1",
          "timestamp": "2025-10-09T21:35:11.041Z"
        }
      }
    },
    "name": {
      "en": "Sample Burrito"
    },
    "description": {
      "en": "Just a sample burrito"
    },
    "abbreviation": {
      "en": "SEHSAM"
    }
  },
  "type": {
    "flavorType": {
      "name": "scripture",
      "flavor": {
        "name": "textTranslation",
        "performance": [],
        "formats": {}
      },
      "currentScope": {
        "LUK": ["1"]
      }
    }
  },
  "confidential": true,
  "agencies": [
    {
      "id": "apm::3800",
      "roles": ["rightsHolder"],
      "name": {
        "en": "# Burrito "
      }
    }
  ],
  "targetAreas": [
    {
      "code": "US",
      "name": {
        "en": "United States"
      }
    }
  ],
  "localizedNames": {
    "book-luk": {
      "abbr": {
        "en": "Lk"
      },
      "short": {
        "en": "Luke"
      },
      "long": {
        "en": "Luke"
      }
    }
  },
  "ingredients": {
    "42LUK/LUKv1.usfm": {
      "checksum": {
        "md5": "7fb29d02739ba4c9db5de7c031d7f44a"
      },
      "mimeType": "application/json",
      "size": 3131,
      "scope": {
        "LUK": ["1"]
      }
    }
  },
  "copyright": {
    "shortStatements": [
      {
        "statement": "<p>© 2025, SIL Global</p>",
        "mimetype": "text/html",
        "lang": "en"
      }
    ]
  },
  "languages": [
    {
      "tag": "seh",
      "name": {
        "en": "Sena"
      }
    }
  ]
}
