{
  "format": "scripture burrito",
  "meta": {
    "version": "1.0.0",
    "category": "source",
    "generator": {
      "softwareName": "Audio Project Manager",
      "softwareVersion": "4.4.0-alpha.1",
      "userName": "Greg Trihus"
    },
    "defaultLocale": "en",
    "dateCreated": "2025-10-09T21:35:10.822Z",
    "comments": ["Generated by Audio Project Manager from # Burrito "]
  },
  "idAuthorities": {
    "apm": {
      "id": "apm",
      "name": {
        "en": "Audio Project Manager"
      }
    }
  },
  "identification": {
    "primary": {
      "apm": {
        "3800": {
          "revision": "1",
          "timestamp": "2025-10-09T21:35:10.822Z"
        }
      }
    },
    "name": {
      "en": "Sample Burrito"
    },
    "description": {
      "en": "Just a sample burrito"
    },
    "abbreviation": {
      "en": "SEHSAM"
    }
  },
  "type": {
    "flavorType": {
      "name": "scripture",
      "flavor": {
        "name": "audioTranslation",
        "performance": [],
        "formats": {
          "format1": {
            "compression": "mp3",
            "trackConfiguration": "mono"
          }
        }
      },
      "currentScope": {
        "LUK": ["1"]
      }
    }
  },
  "confidential": true,
  "agencies": [
    {
      "id": "apm::3800",
      "roles": ["rightsHolder"],
      "name": {
        "en": "# Burrito "
      }
    }
  ],
  "targetAreas": [
    {
      "code": "US",
      "name": {
        "en": "United States"
      }
    }
  ],
  "localizedNames": {
    "book-luk": {
      "abbr": {
        "en": "Lk"
      },
      "short": {
        "en": "Luke"
      },
      "long": {
        "en": "Luke"
      }
    }
  },
  "ingredients": {
    "42LUK/001/SEHSAM-LUK-1_1-4v1.mp3": {
      "checksum": {
        "md5": "4a5385fb4ac59d4e71b1676333e4bc3f"
      },
      "mimeType": "audio/mpeg",
      "size": 533802,
      "scope": {
        "LUK": ["1:1-4"]
      }
    },
    "42LUK/001/SEHSAM-LUK-1_5-7v1.mp3": {
      "checksum": {
        "md5": "69b649aa773cac26b7c4d7a2af166011"
      },
      "mimeType": "audio/mpeg",
      "size": 510583,
      "scope": {
        "LUK": ["1:5-7"]
      }
    },
    "42LUK/001/SEHSAM-LUK-1_8-10v1.mp3": {
      "checksum": {
        "md5": "eb19e0eabaefb49474f874a409425629"
      },
      "mimeType": "audio/mpeg",
      "size": 421360,
      "scope": {
        "LUK": ["1:8-10"]
      }
    },
    "42LUK/001/SEHSAM-LUK-1_11-17v1.mp3": {
      "checksum": {
        "md5": "3929d3392c7b144242677b2035bc9b4a"
      },
      "mimeType": "audio/mpeg",
      "size": 1074469,
      "scope": {
        "LUK": ["1:11-17"]
      }
    },
    "42LUK/001/SEHSAM-LUK-1_18-20v1.mp3": {
      "checksum": {
        "md5": "74a0d9e1bd2acef28198d0aa76040ba9"
      },
      "mimeType": "audio/mpeg",
      "size": 526526,
      "scope": {
        "LUK": ["1:18-20"]
      }
    },
    "42LUK/001/SEHSAM-LUK-1_21-25v1.mp3": {
      "checksum": {
        "md5": "41eebdaac063e02c646b7d41d822a632"
      },
      "mimeType": "audio/mpeg",
      "size": 632141,
      "scope": {
        "LUK": ["1:21-25"]
      }
    },
    "42LUK/001/SEHSAM-LUK-1_26-28v1.mp3": {
      "checksum": {
        "md5": "b68a6a46335f174906a6ad1ed1484c97"
      },
      "mimeType": "audio/mpeg",
      "size": 387037,
      "scope": {
        "LUK": ["1:26-28"]
      }
    },
    "42LUK/001/SEHSAM-LUK-1_29-34v1.mp3": {
      "checksum": {
        "md5": "373edf017722f2bc56c0503033831d55"
      },
      "mimeType": "audio/mpeg",
      "size": 578472,
      "scope": {
        "LUK": ["1:29-34"]
      }
    },
    "42LUK/001/SEHSAM-LUK-1_35-38v1.mp3": {
      "checksum": {
        "md5": "b4a4c904212ed285417e7fcc539a7125"
      },
      "mimeType": "audio/mpeg",
      "size": 537907,
      "scope": {
        "LUK": ["1:35-38"]
      }
    },
    "42LUK/001/SEHSAM-LUK-1_39-45v1.mp3": {
      "checksum": {
        "md5": "6f29a8cb4f3cb75897fadba0bd9c16a7"
      },
      "mimeType": "audio/mpeg",
      "size": 699037,
      "scope": {
        "LUK": ["1:39-45"]
      }
    },
    "42LUK/001/SEHSAM-LUK-1_46-56v1.mp3": {
      "checksum": {
        "md5": "a081a43b0d11717afdc39be2742911c3"
      },
      "mimeType": "audio/mpeg",
      "size": 1006224,
      "scope": {
        "LUK": ["1:46-56"]
      }
    },
    "42LUK/001/SEHSAM-LUK-1_57-58v1.mp3": {
      "checksum": {
        "md5": "a442bd4b960e23cbafcb409e6b92b3be"
      },
      "mimeType": "audio/mpeg",
      "size": 207162,
      "scope": {
        "LUK": ["1:57-58"]
      }
    },
    "42LUK/001/SEHSAM-LUK-1_59-64v1.mp3": {
      "checksum": {
        "md5": "4ae6d281fc7029fa8273224775a22324"
      },
      "mimeType": "audio/mpeg",
      "size": 587953,
      "scope": {
        "LUK": ["1:59-64"]
      }
    },
    "42LUK/001/SEHSAM-LUK-1_65-66v1.mp3": {
      "checksum": {
        "md5": "9edee9e0ed0214d4bd521b0854f62517"
      },
      "mimeType": "audio/mpeg",
      "size": 316924,
      "scope": {
        "LUK": ["1:65-66"]
      }
    },
    "42LUK/001/SEHSAM-LUK-1_67-80v1.mp3": {
      "checksum": {
        "md5": "2ae3b14181691b6aa6eadb152d5717ff"
      },
      "mimeType": "audio/mpeg",
      "size": 1299928,
      "scope": {
        "LUK": ["1:67-80"]
      }
    }
  },
  "copyright": {
    "shortStatements": [
      {
        "statement": "<p>© 2025, SIL Global</p>",
        "mimetype": "text/html",
        "lang": "en"
      }
    ]
  },
  "languages": [
    {
      "tag": "seh",
      "name": {
        "en": "Sena"
      }
    }
  ]
}
